t,time_s,TotalThroughput,FairIdx,AvgGlobalUtility,sum_rate_mbps,served_gts,reward_mean
0,0,0.6903656768798828,0.19098371205647782,0.06592429936811083,17.259142,20,0.3062150776386261
1,40,1.0094378280639649,0.2704144358943937,0.05453257903001788,7.976804,4,0.1001935675740242
2,80,1.7825374984741211,0.47751079058889767,0.09788229106462394,19.327492,20,0.8573728203773499
3,120,2.038313388824463,0.5783510949813655,0.0919027521834794,6.3943973,20,0.3435596823692322
4,160,2.2916822624206543,0.616802461869307,0.08915005690805919,6.334222,20,0.3629530370235443
5,200,2.5469627571105957,0.6497913473418199,0.08811496880627127,6.3820124,20,0.3852499723434448
6,240,2.8009572410583496,0.6785896042670635,0.08783840352170394,6.349862,20,0.40029722452163696
7,280,3.052365322113037,0.704384521846859,0.08792660016929822,6.285202,20,0.41128236055374146
8,320,3.3070792388916015,0.7280729578866724,0.08845977343623854,6.367848,20,0.430703729391098
9,360,3.559544200897217,0.7482726139341999,0.08905942649894646,6.311624,20,0.43874484300613403
10,400,3.8065004539489746,0.7669331892848816,0.08957215824168346,6.1739063,20,0.4398743212223053
11,440,4.125572605133057,0.6872740129724195,0.09124489513273064,7.976804,4,0.25464776158332825
12,480,4.601979351043701,0.710316097198137,0.09724141802693174,11.910169,20,0.7859241366386414
13,520,4.9203191757202145,0.7357066146620415,0.09866005655089612,7.9584956,20,0.5439346432685852
14,560,5.312714004516601,0.7604893764388783,0.10202978970533452,9.809871,20,0.6930546760559082
15,600,5.56102689743042,0.7700964406980597,0.10162870513551102,6.2078223,20,0.4441149830818176
16,640,5.815405197143555,0.7799690504042358,0.10148605167173208,6.3594575,20,0.46079573035240173
17,680,6.062251243591309,0.7880092805186426,0.10125118708658883,6.171151,20,0.45176079869270325
18,720,6.316655139923096,0.7966415354272389,0.1012555642108316,6.3600974,20,0.47069302201271057
19,760,6.567615222930908,0.8040642241024063,0.10123748658693585,6.274002,20,0.46864762902259827
20,800,6.825425395965576,0.8118291226603864,0.10139993504763435,6.4452543,20,0.48608893156051636
21,840,7.144497547149658,0.7757174815858594,0.10241607095874951,7.976804,4,0.2874177396297455
22,880,7.391274280548096,0.7784308553730943,0.10213925528405687,6.1694183,20,0.4461442530155182
23,920,7.7843922996521,0.7987976036592329,0.10442557246856506,9.8279505,20,0.7293076515197754
24,960,8.179156475067138,0.8136313647141891,0.10667240002067452,9.869104,20,0.745961606502533
25,1000,8.48985164642334,0.8225155370732368,0.10748406936091986,7.7673793,20,0.593512237071991
26,1040,8.80924705505371,0.8313318534184143,0.10842028140166941,7.984885,20,0.6166718602180481
27,1080,9.05339126586914,0.8346835345115607,0.10818711344610175,6.1036053,20,0.47328129410743713
28,1120,9.298761043548582,0.8379636005245007,0.10800153956631717,6.1342444,20,0.4775262773036957
29,1160,9.541777019500731,0.8409725421847046,0.10780765094886421,6.0753994,20,0.47464367747306824
30,1200,9.787154674530028,0.8439051016475657,0.10766991154621687,6.1344414,20,0.48092755675315857
31,1240,10.10622682571411,0.8205722588840253,0.10839619182188352,7.976804,4,0.3040372431278229
32,1280,10.354139556884764,0.8255821503603282,0.10821255462507012,6.1978183,20,0.47534632682800293
33,1320,10.598558559417723,0.8264483201095323,0.1080004159445126,6.110475,20,0.4691392481327057
34,1360,10.835101699829101,0.8312690284450888,0.10772370378988212,5.9135785,20,0.4566705524921417
35,1400,11.147933921813964,0.8351329687610828,0.1083599413820662,7.8208055,20,0.6067616939544678
36,1440,11.461999435424804,0.8394031732229585,0.10899382932749861,7.851638,20,0.6122684478759766
37,1480,11.777933578491211,0.8431326960479507,0.10963049714589107,7.8983536,20,0.6186478734016418
38,1520,12.028955745697022,0.8452734311712417,0.10953974545661477,6.275554,20,0.4927882254123688
39,1560,12.27337730407715,0.8469122746062405,0.10938879702590087,6.110539,20,0.48076072335243225
40,1600,12.51802438735962,0.8485474867318833,0.10925241989939989,6.116177,20,0.4821334183216095
41,1640,12.837096538543703,0.8315313505147279,0.10980972539872434,7.976804,4,0.30809780955314636
42,1680,13.086605091094972,0.834552338655993,0.10967726611056236,6.237714,20,0.48360419273376465
43,1720,13.3319974899292,0.8372237646370451,0.10951924127246135,6.13481,20,0.4771486520767212
44,1760,13.582208175659181,0.8379373444734659,0.10941504553942415,6.255267,20,0.4869321286678314
45,1800,13.820676498413087,0.8409126378006374,0.10921614262890995,5.961708,20,0.4657283127307892
46,1840,14.218665847778322,0.8507863008967177,0.11049456403573227,9.949734,20,0.7863990664482117
47,1880,14.679216270446778,0.8553628989315192,0.11229611216745156,11.513761,20,0.9149105548858643
48,1920,14.993910312652588,0.8573427045812758,0.11275742258595736,7.867351,20,0.6266052722930908
49,1960,15.23714147567749,0.8584191465525015,0.11259021700290972,6.080779,20,0.4849195182323456
50,2000,15.49195384979248,0.8600762252644573,0.11253117404771547,6.3703094,20,0.5089890956878662
