scenario,seed,mode,t,time_s,TotalThroughput,FairIdx,AvgGlobalUtility,sum_rate_mbps,served_gts,reward_mean
native_random,0,original,50.0,2000.0,0.0,0.9999999611421919,0.0,0.0,0.0,0.0
native_random,0,edgeric_pf,50.0,2000.0,0.0,0.9999999611421919,0.0,0.0,0.0,0.0
native_random,10,original,50.0,2000.0,0.0,0.9999999611421919,0.0,0.0,0.0,0.0
native_random,10,edgeric_pf,50.0,2000.0,0.0,0.9999999611421919,0.0,0.0,0.0,0.0
native_random,20,original,50.0,2000.0,0.0,0.9999999611421919,0.0,0.0,0.0,0.0
native_random,20,edgeric_pf,50.0,2000.0,0.0,0.9999999611421919,0.0,0.0,0.0,0.0
contention_hover,0,original,50.0,2000.0,16.210350341796875,0.8751169930519306,0.12254143138605954,6.322019100189209,20.0,0.5139642953872681
contention_hover,0,edgeric_pf,50.0,2000.0,16.380924816131593,0.8741907213628977,0.1238843745101398,6.178123950958252,20.0,0.5017343759536743
contention_hover,10,original,50.0,2000.0,13.300513305664063,0.9340323221332498,0.10639412923748959,4.430288314819336,20.0,0.38441911339759827
contention_hover,10,edgeric_pf,50.0,2000.0,13.253591270446778,0.9337987378631495,0.1057844633542792,4.111238479614258,20.0,0.35664570331573486
contention_hover,20,original,50.0,2000.0,15.78632773399353,0.9750526538294833,0.1333857594859963,3.967186212539673,20.0,0.35935333371162415
contention_hover,20,edgeric_pf,50.0,2000.0,15.823357152938843,0.9756224387597909,0.13341934969461278,4.266480445861816,20.0,0.3866896629333496
contention_motion,0,original,50.0,2000.0,15.49195384979248,0.8600762252644573,0.11253117404771547,6.370309352874756,20.0,0.5089890956878662
contention_motion,0,edgeric_pf,50.0,2000.0,15.86339412689209,0.8573005594553567,0.11071581733146267,6.17641544342041,20.0,0.4919043779373169
contention_motion,10,original,50.0,2000.0,12.562339525222777,0.9173661753339079,0.09807793588767182,4.13458776473999,20.0,0.35235950350761414
contention_motion,10,edgeric_pf,50.0,2000.0,12.701858806610108,0.9086843706933062,0.09601538255867872,4.198448181152344,20.0,0.3544156849384308
contention_motion,20,original,50.0,2000.0,15.26941334724426,0.959357269235264,0.12406441634987586,8.06595230102539,20.0,0.7188645601272583
contention_motion,20,edgeric_pf,50.0,2000.0,15.66602340698242,0.948580450507888,0.1213470790277205,5.889531135559082,20.0,0.5189983248710632
