t,time_s,TotalThroughput_Gb,ResetThroughput_Gb,ServiceThroughput_Gb,FairIdx,AvgGlobalUtility,WindowFairIdx,WindowAvgUtility,rate_mbps,reward_mean,scheduling_count
1,40,0.3193213939666748,0,0.3193213939666748,0.07999586344747445,0.012772195313807654,0.07999586344747445,0.012772195313807654,7.98303484916687,0.029663104563951492,40
2,80,0.6138929208964109,0,0.6138929208964109,0.27450778411296933,0.02660164193696776,0.27450778411296933,0.02660164193696776,7.364288173243403,0.18780039250850677,80
3,120,0.903161470130086,0,0.903161470130086,0.4924071386254272,0.04147407772839224,0.4924071386254272,0.04147407772839224,7.231713730841875,0.33080849051475525,120
4,160,1.1835711879506707,0,1.1835711879506707,0.6642307167851048,0.05438765177897868,0.6642307167851048,0.05438765177897868,7.0102429455146185,0.43257665634155273,160
5,200,1.4623950154930354,0,1.4623950154930354,0.7825401501222882,0.06532920540945024,0.7825401501222882,0.06532920540945024,6.970595688559115,0.5067427754402161,200
6,240,1.7417375796660781,0,1.7417375796660781,0.8589954253883939,0.07443716990295084,0.8589954253883939,0.07443716990295084,6.98356410432607,0.5572870969772339,240
7,280,2.0212613034546374,0,2.0212613034546374,0.9065304602833463,0.08190305777296912,0.9065304602833463,0.08190305777296913,6.988093094713986,0.5885077118873596,280
8,320,2.3071866000145675,0,2.3071866000145675,0.9364333284098052,0.08839954912223397,0.9364333284098052,0.08839954912223397,7.148132413998246,0.621842622756958,320
9,360,2.5867391177415846,0,2.5867391177415846,0.9544098949163242,0.09340002639017667,0.9544098949163242,0.09340002639017667,6.988812943175435,0.6196541786193848,360
10,400,2.8663974194824697,0,2.8663974194824697,0.9653089037311333,0.0975578561847992,0.9653089037311333,0.0975578561847992,6.991457543522119,0.6269675493240356,400
11,440,3.1857188134491445,0,3.1857188134491445,0.8227328835023258,0.10063060613264402,0.8227328835023258,0.10063060613264402,7.98303484916687,0.30507591366767883,440
12,480,3.4693444960415363,0,3.4693444960415363,0.8574897951263569,0.10237831097403716,0.8574897951263569,0.10237831097403716,7.090642064809799,0.5648401379585266,480
13,520,3.758148274466395,0,3.758148274466395,0.885114960043885,0.10433476954530516,0.885114960043885,0.10433476954530516,7.2200944606214765,0.5936815738677979,520
14,560,4.037667710185051,0,4.037667710185051,0.9062555683094121,0.10592928761602394,0.9062555683094121,0.10592928761602394,6.98798589296639,0.5883201956748962,560
15,600,4.319298195853829,0,4.319298195853829,0.9229765945591436,0.10753194666117591,0.9229765945591436,0.10753194666117591,7.040762141719459,0.6037003397941589,600
16,640,4.600551664426923,0,4.600551664426923,0.9360075222325324,0.10903793006480261,0.9360075222325324,0.10903793006480261,7.031336714327335,0.6114040017127991,640
17,680,4.875823633618653,0,4.875823633618653,0.9461486356174791,0.11028417529847576,0.9461486356174791,0.11028417529847576,6.881799229793249,0.6048844456672668,680
18,720,5.154738868035376,0,5.154738868035376,0.9541753256654193,0.1115498887439111,0.9541753256654193,0.1115498887439111,6.972880860418081,0.6180896162986755,720
19,760,5.4401171882748605,0,5.4401171882748605,0.9602934500178142,0.11289060332852272,0.9602934500178142,0.11289060332852272,7.134458005987108,0.6364671587944031,760
20,800,5.724112999603152,0,5.724112999603152,0.9650805797311254,0.11409804421804455,0.9650805797311254,0.11409804421804455,7.099895283207297,0.6365413069725037,800
