scenario,label,mode,fast_scheduling,seed,t,time_s,TotalThroughput_Gb,ResetThroughput_Gb,ServiceThroughput_Gb,FairIdx,AvgGlobalUtility,WindowFairIdx,WindowAvgUtility,rate_mbps,reward_mean,scheduling_count,dt_uav_s,dt_sched_s,initialization_scheduling_count,service_time_s,mean_compute_s,p95_compute_s,p99_compute_s,max_compute_s,over_period_count,service_decisions,rb_change_count,zero_service,max_weight_span
contention_hover,A,original,False,0,20,800,7.060606822967527,0.6903656768798828,6.3702411845326425,0.832726728851156,0.11002437995245432,0.8233943562498175,0.10070285509304044,10.003532409667969,0.7738680839538574,21,40.0,40.0,1,840.0,0.003058765460515306,0.003029380924999714,0.004216440953314305,0.004513205960392952,0,20,19,False,0.0
contention_hover,B,edgeric_pf,False,0,20,800,7.24092094421387,0.6455390930175782,6.595381855666638,0.8234959429719972,0.11340448390223931,0.827077405268298,0.10717784429318086,11.610312461853027,0.8882115483283997,21,40.0,40.0,1,840.0,0.003035210948880939,0.0031344518065452576,0.0032342039048671722,0.003259141929447651,0,20,19,False,17.860883963760237
contention_hover,C,original,True,0,20,800,6.119345889642835,0.0,6.119345889642835,0.8845247505261474,0.13491632813073146,0.8845247505261474,0.13491632813073148,7.665522189810872,0.6298872232437134,800,40.0,1.0,0,800.0,0.002924403314245865,0.0030092474306002257,0.0030572244827635586,0.004554599989205599,0,800,799,False,0.0
contention_hover,D,edgeric_pf,True,0,20,800,6.167932659715414,0.0,6.167932659715414,0.8822473498217825,0.13572151483256129,0.8822473498217825,0.13572151483256129,7.700789520703256,0.6311559081077576,800,40.0,1.0,0,800.0,0.0030786173601518385,0.0031506006140261888,0.0032591956900432707,0.004744922975078225,0,800,799,False,19.037586624835846
contention_hover,A,original,False,10,20,800,5.647188482284546,0.7120310211181641,4.935157462954521,0.8993070410608468,0.09153737671555817,0.8441544355151153,0.07668528764966132,3.899315595626831,0.32576724886894226,21,40.0,40.0,1,840.0,0.0029402465359973057,0.0030554879922419786,0.0030940792057663202,0.0031037270091474056,0,20,19,False,0.0
contention_hover,B,edgeric_pf,False,10,20,800,5.654677000045777,0.7945316314697266,4.860145418643952,0.8983971181757112,0.09152450372956722,0.8080459645063055,0.07495406304495979,4.325084686279297,0.36097240447998047,21,40.0,40.0,1,840.0,0.0030342378941852423,0.003096632892265916,0.0030980170238763096,0.0030983630567789078,0,20,19,False,17.775869325149905
contention_hover,C,original,True,10,20,800,5.040721515879035,0.0,5.040721515879035,0.9302483328625877,0.11707475010203885,0.9302483328625877,0.11707475010203883,6.318286602757872,0.5460209250450134,800,40.0,1.0,0,800.0,0.002999629823898431,0.003028956055641174,0.0031088015646673736,0.04313457501120865,0,800,799,False,0.0
contention_hover,D,edgeric_pf,True,10,20,800,5.063986521869898,0.0,5.063986521869898,0.9295865552252854,0.11749604091214483,0.9295865552252854,0.11749604091214483,6.335314356721937,0.5471029877662659,800,40.0,1.0,0,800.0,0.0030918757236213425,0.003169680223800242,0.0032515277178026734,0.004746353020891547,0,800,799,False,19.03738312164406
contention_hover,A,original,False,20,20,800,7.141042957305909,0.8586583709716797,6.282384606599808,0.9537587773721982,0.1257015931641122,0.9263777087526129,0.10503262613500268,4.067295074462891,0.3603754937648773,21,40.0,40.0,1,840.0,0.0029400571892481474,0.003028198843821883,0.0031308292876929046,0.00315648689866066,0,20,19,False,0.0
contention_hover,B,edgeric_pf,False,20,20,800,7.157435846328735,1.0941237640380859,6.063312182724476,0.9548093209793367,0.1256243908501464,0.9280204486530218,0.10351616250046672,4.084561824798584,0.36230403184890747,21,40.0,40.0,1,840.0,0.003039995086423698,0.003079742193222046,0.003110159561038017,0.00311776390299201,0,20,19,False,17.916228186072374
contention_hover,C,original,True,20,20,800,5.984404802240431,0.0,5.984404802240431,0.9757625336136141,0.1458486944791146,0.9757625336136141,0.14584869447911464,7.361876108497381,0.6673347353935242,800,40.0,1.0,0,800.0,0.0029483492829604076,0.0030200644629076122,0.0030802754871547223,0.004504417069256306,0,800,799,False,0.0
contention_hover,D,edgeric_pf,True,20,20,800,6.049574060603976,0.0,6.049574060603976,0.9756733756552,0.1474145695171245,0.9756733756552,0.14741456951712448,7.404076888784766,0.6710987687110901,800,40.0,1.0,0,800.0,0.0030848172339028677,0.0031618133769370617,0.0032312281779013573,0.004745237063616514,0,800,799,False,19.04074231533332
contention_motion,A,original,False,0,20,800,6.825425395965576,0.6903656768798828,6.13505979925394,0.8118291226603864,0.10139993504763435,0.8025198118947274,0.08735692647499842,6.445254325866699,0.48608893156051636,21,40.0,40.0,1,840.0,0.002914902876086888,0.0030325730331242085,0.003066032286733389,0.003074397100135684,0,20,19,False,0.0
contention_motion,B,edgeric_pf,False,0,20,800,6.99573163986206,0.6455390930175782,6.350192615687847,0.7951162605415757,0.09504735089334373,0.8019616514314349,0.0955550516553941,6.20302152633667,0.45818933844566345,21,40.0,40.0,1,840.0,0.0030422816940006755,0.0031438551377505064,0.00317455823533237,0.0031822340097278357,0,20,19,False,19.676351120271036
contention_motion,C,original,True,0,20,800,5.723981974005699,0.0,5.723981974005699,0.8782670962610704,0.10569794782545013,0.8782670962610704,0.1056979478254501,7.057851383462548,0.5758510828018188,800,40.0,1.0,0,800.0,0.0029053593261050992,0.0030288934940472245,0.003092870742548257,0.004618693143129349,0,800,722,False,0.0
contention_motion,D,edgeric_pf,True,0,20,800,5.747107432387769,0.0,5.747107432387769,0.8782278028208608,0.10586628675482698,0.8782278028208608,0.10586628675482698,7.122224486805498,0.5810772180557251,800,40.0,1.0,0,800.0,0.0030494715218083003,0.0031738721183501182,0.0032630200195126234,0.0047328840009868145,0,800,721,False,19.979246367869994
contention_motion,A,original,False,10,20,800,5.305681505203247,0.7120310211181641,4.593650488257408,0.8830657766728349,0.08309161582908699,0.8311824536609411,0.06795848384803962,3.9764740467071533,0.3262137472629547,21,40.0,40.0,1,840.0,0.002905199592489572,0.003003910882398486,0.0030081629287451507,0.0030092259403318167,0,20,19,False,0.0
contention_motion,B,edgeric_pf,False,10,20,800,5.388549633026122,0.7945316314697266,4.594017954170704,0.8638631326553046,0.07964696492680633,0.7895274092115316,0.06752491695160387,4.264822006225586,0.34226056933403015,21,40.0,40.0,1,840.0,0.0030262081418186426,0.0031256969086825848,0.00335666174069047,0.003414402948692441,0,20,19,False,19.602375260962926
contention_motion,C,original,True,10,20,800,4.666118496522308,0.0,4.666118496522308,0.9141624693760816,0.09015733617494635,0.9141624693760816,0.09015733617494637,6.04546863026917,0.5134100914001465,800,40.0,1.0,0,800.0,0.002894384713436011,0.0030297135934233667,0.0031014054710976776,0.004495004890486598,0,800,721,False,0.0
contention_motion,D,edgeric_pf,True,10,20,800,4.685884258240462,0.0,4.685884258240462,0.9143924048713589,0.09063508868878963,0.9143924048713589,0.09063508868878963,6.089966244995594,0.5173191428184509,800,40.0,1.0,0,800.0,0.003024567659886088,0.003155718871857971,0.0032639598404057323,0.004728071158751845,0,800,721,False,19.952826455112486
contention_motion,A,original,False,20,20,800,6.9281415843963625,0.8586583709716797,6.069483253657818,0.9336721806002288,0.11471370623937904,0.9205610440596507,0.09834783040315512,4.229694366455078,0.3668718934059143,21,40.0,40.0,1,840.0,0.0028836690000302737,0.0029749979730695486,0.002976934006437659,0.002977418014779687,0,20,19,False,0.0
contention_motion,B,edgeric_pf,False,20,20,800,7.155785055160522,1.0941237640380859,6.061661300361156,0.9096979934145665,0.10924350561940477,0.9231675756459043,0.10107647517408898,4.027658462524414,0.340377539396286,21,40.0,40.0,1,840.0,0.003019648038649133,0.0031271649058908224,0.003220208315178752,0.0032434691675007343,0,20,19,False,19.73216938810962
contention_motion,C,original,True,20,20,800,5.665339508056641,0.0,5.665339508056641,0.9648013584034364,0.11259134959912054,0.9648013584034364,0.11259134959912054,6.885595116950571,0.6171495318412781,800,40.0,1.0,0,800.0,0.0028901070245774462,0.0030220019747503103,0.00309218802023679,0.004544581053778529,0,800,721,False,0.0
contention_motion,D,edgeric_pf,True,20,20,800,5.724112999603152,0.0,5.724112999603152,0.9650805797311254,0.11409804421804455,0.9650805797311254,0.11409804421804455,7.099895283207297,0.6365413069725037,800,40.0,1.0,0,800.0,0.0030281525710597634,0.0031374966958537696,0.0032089180150069296,0.004730407148599625,0,800,721,False,19.993107734249286
